rank,industry,sector,rs_score,percentile,pct_1m,pct_3m,pct_6m,tickers
1,Semiconductor Equipment & Materials,Technology,190.81,99,97,93,83,"AEHR,TRT,ATOM,FORM,ICHR,UCTT,ASYS,TER,AMKR,INTT,KLIC,ONTO,COHU,PLAB,LRCX,VECO,ACLS,CAMT,AMAT,KLAC,NVMI,ENTG,IPGP,ASML,ACMR,Q,AMBA,DQ,SMTK"
2,Silver,Basic Materials,187.76,99,99,99,95,"NEWP,SVM,AG,EXK"
3,Aluminum,Basic Materials,174.95,98,99,96,84,"CENX,CSTM,KALU,AA"
4,Oil & Gas Drilling,Energy,162.11,97,98,91,52,"NBR,BORR,RIG,PTEN,NE,HP,SDRL,PDS,SOC"
5,Communication Equipment,Technology,156.24,97,94,90,90,"ONDS,CIEN,WATT,VIAV,FIEE,VSAT,VISN,SILC,NOK,OCC,UI,INSG,ADTN,TSAT,LTRX,FEIM,GILT,AIRG,BKTI,DGII,EXTR,HPE,CMTL,ASTS,CSCO,ERIC,HLIT,AUDC,AVNW,CRNT,MSI,NTGR,BOSC,BDC,UTSI,SYNX,CLFD,ZBRA,FKWL,MITQ,AMPG,CLRO"
6,Semiconductors,Technology,155.37,96,83,82,88,"MXL,LASR,MU,NVTS,INTC,TSEM,SIMO,AIP,MRAM,ASX,QUIK,SKYT,SITM,MRVL,STM,DIOD,AMD,IMOS,CRDO,ON,SMTC,LSCC,AOSL,WOLF,MTSI,MPWR,VSH,ARM,SLAB,GFS,ALGM,ALAB,ALMU,UMC,ADI,POWI,GSIT,TSM,TXN,HIMX,MCHP,AVGO,NXPI,CRUS,CEVA,SYNA,NVEC,MCHPP,RMBS,POET,INDI,MX,AMBQ,NVDA,GCTS,VLN,QCOM,QRVO,SWKS,PRSO,WKEY,PI,LEDS,PXLW,LAES,IPWR,ICG,MOBX,SQNS,NA"
7,Oil & Gas Equipment & Services,Energy,136.65,95,93,86,75,"EFXT,NESR,FET,PUMP,SND,VAL,DWSN,LBRT,SEI,KGS,FTI,OIS,KLXE,TDW,WFRD,STAK,TS,HAL,WTTR,NGS,OII,NPKI,AROC,SLB,HLX,BKR,XPRO,INVX,RES,AESI,NOV,NCSM,ACDC,FLOC,DTI,VTOL,FTK,WBI,RNGR,NEXT,USAC,WHD,LB,LSE,NOA,CLB,OMSE,GEOS,RCON"
8,Other Industrial Metals & Mining,Basic Materials,134.14,95,92,95,97,"ALM,ELVR,SGML,LAR,CRML,UAMY,NEXA,SCZM,USAS,SKE,MTRN,USAR,TMQ,TII,WRN,NAK,LAC,SLI,RIO,ALOY,NB,VALE,MP,TECK,BHP,CMP,NVA,USGO,LZM,GRO,XPL,ATLX,GSM,FURY,IONR,VZLA,TMC,NMG,CHNR,IPX,LGO,FMST,WWR,OMEX,FNUC,NEXM,ELBM"
9,Financial Conglomerates,Financial Services,133.74,94,96,90,56,"RILYL,RILYP,RILY,IX,VOYA,HTH,FRHC,TREE"
10,Electronic Components,Technology,133.06,93,86,86,90,"VICR,OPTX,TTMI,LPTH,WBX,CLS,BELFB,BELFA,GLW,KOPN,FN,BHE,SANM,ALNT,FLEX,PLXS,ROG,JBL,OUST,LFUS,CPSH,KN,RELL,WETH,CTS,MEI,APH,LYTS,MPTI,OSIS,DSWL,DAKT,TEL,RAL,DAIO,ELTK,LINK,OST,OLED,REFR,MTEK,KULR,IMTE,NEON,HOLO,SELX,GAUZ"
11,Gold,Basic Materials,130.67,93,97,97,93,"HYMC,AUGO,TRX,ARIS,SSRM,THM,IDR,CGAU,IAUX,OGC,AAUC,PZG,IAG,CDE,MAKO,AU,EQX,CNL,VGZ,PAAS,SA,NEM,KGC,B,DC,DRD,GFI,AGI,NG,USAU,AEM,FSM,GROY,GAU,WPM,FNV,OR,RGLD,ODV,NFGC,ORLA,EGO,CTGO,BTG,GLDG,CMCL,HMY,AUST,NAMM,BGL"
12,Copper,Basic Materials,129.36,92,95,98,91,"TGB,HBM,SCCO,ERO,FCX,IE"
13,Other Precious Metals & Mining,Basic Materials,125.98,91,95,97,96,"HL,GORO,SLSR,GRML,ASM,MUX,BVN,SBSW,PPTA,MTA,VOXR,ITRG,TFPM,LODE,ELE,PLG"
14,Chemicals,Basic Materials,124.9,90,90,78,13,"GPRE,TROX,LXU,REX,MEOH,RYAM,DOW,CE,HUN,ASIX,OLN,BAK,WLKP,ACNT,VHI,ASPI,GURE,ORGN"
15,Oil & Gas Refining & Marketing,Energy,121.83,90,87,72,80,"PARR,DK,PBF,VLO,DINO,UGP,MPC,PSX,CVI,SUN,DKL,IEP,CLNE,SGU,WKC,CAPL,CSAN,DLXY"
16,Oil & Gas Integrated,Energy,121.76,89,91,62,47,"CVE,SKYQ,PBR,EQNR,E,SU,EC,IMO,TTE,BP,DEC,XOM,SHEL,YPF,CVX,NFG,TGS,SLNG,VIVK"
17,Oil & Gas Midstream,Energy,120.26,88,88,65,57,"TORO,NGL,TEN,INSW,NAT,TMDE,FRO,TRMD,STNG,TK,DHT,PBT,TNK,LPG,PXS,TRGP,IMPP,NVGS,GLNG,FLNG,KNOP,DTM,CMBT,VG,SOBO,SUNC,VNOM,KNTK,PAA,PAGP,TRP,EPD,SMC,WMB,LNG,AM,CQP,OKE,PBA,MARPS,EE,ET,ENB,KMI,SBR,MPLX,WES,GEL,HESM,DLNG,BANL,IMPPP,GLP,MMLP,NFE,TOPS,RBNE"
18,Uranium,Energy,119.85,88,93,94,93,"UUUU,DNN,NXE,CCJ,UEC,URG,ISOU,UROY,LEU,AEC,EU"
19,Oil & Gas E&P,Energy,119.77,87,88,59,29,"OBE,WTI,BATL,BTE,GTE,KOS,EONR,APA,REI,VET,TALO,EGY,PR,MUR,AMPY,OVV,CRGY,CHRD,WDS,CRC,TBN,MTDR,DVN,NRT,CNQ,SM,VIST,FANG,CTRA,REPX,OXY,BKV,PNRG,PED,COP,GFR,MGY,SD,EOG,GPRK,TPL,CRT,GRNT,KRP,KGEI,RRC,VOC,EPM,EPSN,MNR,AR,NOG,CNX,PVL,DMLP,INR,EQT,HPK,MXC,BSM,INDO,CKX,GPOR,USEG,FTW,BRN,EXE,TXO,ANNA,MTR,MVO,VTS,CRK,EP,PRT,SJT,TPET,PROP"
20,Broadcasting,Communication Services,119.41,86,11,30,53,"BBGI,IHRT,SSP,GTN,NXST,SBGI,MDIA,SGA,CURI,UONEK,NMAX,UONE,FUBO,XHLD"
21,Engineering & Construction,Industrials,119.35,86,73,75,76,"AGX,FIX,LGN,SHIM,PHOE,MTZ,ONEG,MYRG,ECG,VATE,TPC,IESC,SKBL,STRL,MAGH,PWR,ESOA,PRIM,DY,ORN,AMRC,EME,GVA,CDLR,ACA,APG,BBCP,ROAD,FLR,FER,BLD,OFAL,MSW,BWMN,MTRX,WLDN,J,EXPO,TTEK,STN,BLNK,KBR,FBGL,ACM,MIMI,SKK,SLND,RITR,MSGY,ZDAI,FGL,MGN"
22,Real Estate - Diversified,Real Estate,117.2,85,90,89,70,"STRS,JOE"
23,Electrical Equipment & Parts,Industrials,115.73,84,67,85,92,"BE,AMPX,POWL,FCEL,AEIS,TE,VRT,RFIL,PLUG,NVT,ENS,PLPC,ELVA,BLDP,ESP,KE,HUBB,ULBI,TGEN,ATKR,PPSI,ADSE,OESX,CBAT,POLA,HAYW,AYI,APWC,LTBR,ENR,EPOW,ENVX,FLUX,EAF,EOSE,XPON,STI,SKYX,NVX,NEOV,SDST,DFLI,GWH,CCTG,RAYA,ELPW,LNKS"
24,Trucking,Industrials,114.28,83,70,71,3,"ARCB,XPO,HTLD,TFII,CVLG,SAIA,KNX,SNDR,ODFL,RXO,MRTN,WERN,ULH,PAMT,TOPP,ETS"
25,Specialty Chemicals,Basic Materials,113.51,83,80,70,34,"ALTO,SSL,ALB,CC,AMTX,CLMT,SQM,ESI,ECVT,PRM,NGVT,LYB,CMT,SOLS,KOP,WLK,KRO,ODC,FF,DD,GEVO,MTX,HWKN,EMN,SXT,FSI,MATV,APD,LIN,KWR,AVNT,OEC,CBT,FUL,LOOP,IFF,SCL,BCPC,PPG,NTIC,NEU,ASH,ECL,WDFC,IOSP,RPM,SHW,AXTA,BON,HDSN,MNTK,SNES,FEAM,BGLC,CNEY,YMAT"
26,Conglomerates,Industrials,112.83,82,77,81,69,"MAMK,FBYD,TTI,DLX,CODI,SEB,RCMT,NNBR,VMI,MATW,TRC,TUSK,STRRP,OTTR,FIP,AIRTP,BOOM,BBUC,PLAG,HON,PAM,AIRT,CRESY,MMM,STRR,BOC,HHS,LGPS"
27,Utilities - Independent Power Producers,Utilities,110.47,81,71,53,99,"KEN,DGXX,OKLO,TLN,CEG,NRG,TAC,VST"
28,Solar,Technology,110.19,81,83,93,89,"TYGO,TOYO,ASTI,SEDG,NXT,SPRU,TURB,SHLS,SUNE,CSIQ,FSLR,JKS,BEEM,RUN,ARRY,ENPH,FTCI,ZEO,SMXT,SPWR,PN"
29,Computer Hardware,Technology,109.85,80,51,58,95,"WDC,STX,OSS,VELO,DELL,ALOT,ANET,UMAC,QBTS,IONQ,MCRP,NNDM,DDD,P,LOGI,RGTI,CRSR,YIBO,KTCC,BGIN,QMCO,DPRO,CRCT,HPQ,UAVS,QUBT,TACT,AMCI,SSYS,SCKT,SMCI,CAN,EBON,QCLS,BTCT,AGMH"
30,Banks - Diversified,Financial Services,109.15,79,79,87,79,"CM,TD,C,HSBC,BK,BMO,RY,BNS,SMFG,SAN,NTB,BBVA,ING,MUFG,UBS,BCS,BAC,JPM,WFC"
31,Marine Shipping,Industrials,108.91,79,84,52,21,"SHIP,ECO,GLBS,HSHP,EDRY,HAFN,ASC,ZIM,BWLP,NMM,SB,ESEA,GNK,USEA,GASS,DSX,MATX,GSL,SFL,PANL,KEX,SBLK,EHLD,CMRE,SMHI,DAC,CMDB,PSHG,CCEC,CTRM,HTCO,VNTG,HMR,UFG,ICON,SVRN,NCT,CISS,RUBI"
32,REIT - Healthcare Facilities,Real Estate,108.68,78,76,72,72,"DHC,NHPBP,NHPAP,SILA,WELL,VTR,AHR,CTRE,HR,OHI,SBRA,STRW,CHCT,LTC,UHT,MPT,XRN,NHI,DOC"
33,Lodging,Consumer Cyclical,108.39,77,79,69,76,"INTG,CVEO,HTHT,MAR,HLT,H,ATAT,IHG,WH,CHH,GHG"
34,Biotechnology,Healthcare,107.55,76,85,79,97,"ANL,TNGX,STTK,ANRO,KOD,ABVX,DMRA,CLYM,INBX,NBTX,ANTX,OVID,ALMS,SLGL,ERAS,CELC,PRLD,PRAX,IRD,NKTR,ORKA,ARTV,SYRE,STRO,ANAB,IPSC,SNSE,ARMP,DNTH,CAPR,COGT,ARWR,IMMX,PVLA,NRXS,RLAY,RVMD,EQ,NAUT,ZNTL,CRVS,HURA,RLYB,LONA,JBIO,IBRX,KZIA,SLS,GLUE,NERV,DSGN,TYRA,OMER,DRTS,FBRX,ACRS,ZURA,CUE,QTTB,CNTA,KYTX,CTMX,PTN,DFTX,CNTX,KALV,ALXO,IFRX,RCUS,APLS,MGNX,DRUG,WHWK,ANNX,STOK,TVTX,RAPP,TSHA,OKUR,ELVN,ADAG,CGON,IMRX,ROIV,FBIOP,CYCN,TRDA,CTNM,GLSI,MPLT,PBYI,LBRX,EVAX,CGEN,SEPN,BLTE,SION,APLM,OLMA,SPRO,APGE,NMRA,PALI,ORMP,OCGN,TENX,CABA,AVIR,VIR,ENTA,IMNM,ZYME,CNTB,XOMA,CGTX,ABSI,KPTI,PGEN,DBVT,CAMP,EWTX,GHRS,MBX,TRVI,KYMR,PHAT,PTGX,AXSM,LXRX,ALEC,CCCC,BCAX,LCTX,JAZZ,ICCC,DTIL,ALLO,XENE,CBIO,LGND,AVBP,MIRM,CGEM,PLRZ,IVVD,TECX,MRNA,LYEL,KZR,ELTX,EPRX,IMTX,CLLS,CDXS,UNCY,AVTX,ESLA,CNTN,IONS,NKTX,MRVI,HYPD,ABOS,ADCT,FTRE,XFOR,CLDX,VTVT,ASMB,FDMT,EDIT,SLN,PHAR,TOVX,NGNE,MLYS,URGN,ATAI,VNDA,BEAM,CRBU,IOVA,AUPH,ACRV,RPRX,IMVT,PCVX,SVRA,KRYS,PHVS,NRXP,MDGL,SLDB,GRDX,SNDX,IBO,NGEN,CHRS,NUVB,ACHV,ATHE,MAZE,OCS,IBIO,EYPT,FATE,SABS,ENGN,NRIX,ELDN,VYNE,SRRK,BOLD,SGMT,CPRX,GPCR,PRTA,ABCL,EVMN,CYTK,BBIO,IMUX,LIXT,OBIO,ALLR,TBPH,NXTC,MGTX,PMVP,ARQT,ARDX,INVA,AEON,PTHS,VRCA,VERA,ACIU,PYXS,PYPD,IKT,IVA,TARA,NTLA,GERN,INCY,DYN,KURA,AGEN,XNCR,LRMR,AURA,ADPT,CADL,ZBIO,COCP,MSLE,TARS,ASND,DARE,MIST,HYFT,CRBP,TLX,XBIO,CING,NBP,MRKR,INSM,RIGL,NVCT,NUVL,NEUP,PROK,EXEL,ARVN,REGN,DMAC,IGC,PRME,ABUS,ZVRA,GANX,MLEC,KLRS,MOLN,NAMS,NVAX,PTCT,BDTX,ICU,LGVN,DNLI,NNVC,ARGX,XOMAO,ORIC,INKT,CRSP,MESO,DNA,SEER,LSTA,IDYA,ACAD,XOMAP,ANIX,BMEA,CRNX,PDSB,VYGR,TGTX,ACOG,ONCY,FBIO,GMAB,TCRT,FULC,PRTC,VANI,OSTX,GYRE,XERS,IRON,VCEL,XBIT,RANI,HALO,FHTX,AUTL,SILO,ABEO,MNOV,MNPR,ONC,LEGN,HRMY,MTNB,ZLAB,VKTX,OCUL,KTTA,KPRX,CELZ,PLX,TECH,OSRH,CORT,BMRN,SRPT,RCKT,SANA,ARCT,LXEO,MDWD,TCRX,BNTX,TELO,SLNO,BNTC,VRTX,TNYA,MLTX,ANVS,QURE,RADX,NRSN,CSBR,GUTS,XLO,EXOZ,XRTX,RGNX,RYTM,GLPG,SMMT,AGIO,IMCR,FENC,GALT,BLRX,ALNY,ACET,AAPG,XTLB,APM,ADXN,GNLX,PLRX,VSTM,HRTX,KYNB,BYSI,PLUR,BOLT,RNXT,PRQR,RARE,TLSA,KRRO,BIVI,QNTM,ATNM,TRAW,ALGS,HOWL,VOR,CRMD,PMCB,CRDF,OABI,CBUS,PHIO,DYAI,QNRX,ENVB,LEXX,MGX,PMN,MAIA,OKYO,RNTX,CTXR,COYA,NCEL,RZLT,SPRY,WVE,APRE,ENLV,CDIO,HELP,GDTC,BBOT,FLNA,GRCE,TIL,TTRX,BCDA,IPHA,RNAC,JANX,KROS,PEPG,HOTH,RNAZ,INMB,KAPA,CAI,PBM,NAGE,EVGN,CLRB,TNXP,RXRX,SNTI,VERU,MBIO,CVKD,ATRA,BRNS,LITS,NTRB,VALN,INAB,PSTV,BHVN,INDP,HUMA,VIVS,ATOS,BCYC,CMMB,VRDN,PCSA,INO,PASG,ENTX,ATYR,XCUR,IMRN,MDXG,ALT,IMNN,BBLG,IMA,SKYE,CURX,GLMD,LTRN,CELU,BCTX,ADMA,NTHI,CMPX,SPRC,ACXP,MCRB,ABVC,CRVO,LPCN,VTGN,MNKD,AZTR,NCNA,SCNI,UPB,OGEN,AVXL,CALC,INTS,JUNS,TVRD,TPST,SER,BGMS,HIND,ACTU,CRIS,AARD,MENS,SPRB,GTBP,PPBT,JSPR,ALZN,CANF,GNTA,DRMA,ARTL,YDES,LENZ,ALDX,DWTX,MTVA,QNCX,CVM,OTLK,PULM,SXTP,MBRX,GRI,CNSP,APVO,ENSC,MREO,DCOY,AKTX,REVB,REPL,BCAB,VRAX,LNAI,TVGN,AIM,SGMO,SNGX,HCWB,IMMP,GNPX,PPCB,GOVX,CLGN,GOSS,ADIL,SLXN,BDRX,LIMN,FBLG,BRTX,JAGX,CLDI,CMND,KALA,RVPH,PHGE,ERNA,ELAB,ASBP,ONCO,CDT,ADTX"
35,Apparel Manufacturing,Consumer Cyclical,106.87,76,42,34,49,"FIGS,VNCE,XELB,JL,ZGN,PVH,VFC,RL,LEVI,SGC,GIII,KTB,COLM,JRSH,OXM,UA,GIL,UAA,GOOS,LAKE,NCI,PMNT,PLCE,JXG"
36,Luxury Goods,Consumer Cyclical,106.43,75,63,69,87,"ELA,MOV,TPR,REAL,LUXE,SIG,CPRI,BRLT,LANV,SORA,BGI"
37,Rental & Leasing Services,Industrials,106.1,74,57,63,37,"CTOS,CAR,VSTS,FTAI,R,ALTG,WLFC,URI,GATX,PRG,AER,HTZ,FTAIM,FTAIN,HRI,WSC,MGRC,UHAL,MWG,AIHS"
38,Tools & Accessories,Industrials,105.77,74,72,83,40,"KMT,RBC,TKR,TTC,SWK,LECO,SNA,EML,HLMN,CVR"
39,Publishing,Communication Services,105.15,73,81,27,19,"TDAY,LEE,SCHL,NYT,WLY,WLYB,PSO,EDUC,TNMG"
40,Aerospace & Defense,Industrials,104.37,72,82,77,77,"PL,SIF,SATL,SIDU,LUNR,HOVR,PKE,MOB,ISSC,RKLB,ATRO,SWBI,ESLT,DCO,HXL,WWD,AIR,CW,NPK,CODA,POWW,BWXT,HWM,RCAT,VVX,RGR,XTIA,TXT,HII,MRCY,CVU,POWWP,LHX,FLY,GD,SPAI,VSEC,BA,GE,RTX,KRMN,EMBJ,DRS,LMT,DFSC,MRLN,KTOS,NOC,OPXS,VWAV,AIRI,TATT,CAE,RDW,HEI,SPCE,SARO,TDG,CDRE,VOYG,AVAV,LOAR,ACHR,AXON,EVEX,EH,PEW,PRZO,BETA,EVTL,AIRO,MNTS,GPUS,BYRN,KITT,DFNS"
41,Metal Fabrication,Industrials,103.78,72,61,74,38,"AP,ATI,CRS,PRLB,MLI,MEC,TG,RYZ,CMC,TPCS,WOR,GPGI,TRSG,ESAB,IIIN,HIHO,OLOX,MTEN"
42,Telecom Services,Communication Services,103.65,71,75,60,61,"KORE,SATS,GSAT,ATEX,TIGO,IRDM,SIFY,LUMN,KVHI,ATNI,SKM,LBTYB,VOD,SHEN,AMX,VIV,RDCM,TIMB,CXDO,LILAK,LILA,VZ,ELWT,TV,AD,TDS,RCI,TEO,LBTYA,KT,LBTYK,TKC,KYIV,BCE,CHT,T,VEON,IDT,GLIBA,GLIBK,CMCSA,PHI,LBRDP,TMUS,TLK,TU,OPTU,IOTR,UCL,LBRDA,LBRDK,CHTR,CCOI,GOGO,CABO,FNGR,SURG,IQST,PCLA"
43,Utilities - Regulated Gas,Utilities,103.12,70,76,61,60,"CTRI,MDU,NWN,SWX,NJR,BKH,RGCO,ATO,OGS,NI,SR,SPH,CPK,OPAL,UGI,BIPC"
44,REIT - Industrial,Real Estate,102.07,69,60,49,44,"ILPT,NSA,PLD,LXP,FR,EGP,IIPR,TRNO,MDV,PSA,STAG,CUBE,EXR,LINE,SMA,REXR,COLD"
45,Banks - Regional,Financial Services,101.19,69,72,76,55,"CMTV,PGC,FNRN,MSBI,BOTJ,RBKB,CARE,SHG,VBNK,KB,ATLO,MBIN,WF,PKBK,RRBI,ASRV,RBB,EGBN,FRST,AROW,TRST,MBBC,PEBK,VLY,AMAL,FRAF,CFG,BPOP,OBT,BCBP,AVBC,CZWI,NBN,MFG,CHMG,OBK,ITUB,WBS,SFST,WSFS,WSBK,BWFG,CCNE,CBNA,HFBL,BLX,TMP,UVSP,KFFB,FUSB,DCOM,WNEB,EWBC,NFBK,EBMT,SRBK,MYFW,ALRS,NKSH,AVAL,BBDO,KRNY,FFIC,BOKF,FCBC,UBCP,CFFN,FSBC,OPHC,CLBK,STEL,HAFC,ABCB,FISI,BBD,WSBF,OVBC,MRBK,AMTB,FFBC,TSBK,SMBC,CNOB,KEY,CATY,CTBI,BAP,CIB,LSBK,SHBI,FVCB,ZION,GSBC,FXNC,MCB,MCBS,BOH,BSRR,USB,CAC,ISTR,SRCE,HOPE,PFIS,PDLB,FCAP,THFF,MNSB,OVLY,TCBI,CCBG,WAFD,AVBH,PFS,FULT,SMBK,TRMK,BKU,FBP,CPF,QCRH,FITB,PEBO,UBSI,CLST,EBC,HFWA,NEWT,BUSE,SBSI,CUBI,COLB,PCB,LC,NWBI,HBCP,SSBI,TFIN,AFBI,FIBK,CBAN,STBA,TFSL,PNC,FHN,FBNC,NBHC,HBNC,CBK,TCBK,BY,OSBC,BSAC,HTB,BCAL,UMBF,AUB,COSO,FNLC,WTFC,FBLA,FLG,NWFL,PLBC,RF,TFC,FNB,OFG,FMBH,CWBC,WTBA,RMBI,BFC,LYG,ACNB,WABC,ASB,CIVB,RNST,BANC,BVFL,FHB,INDB,CFBK,ISBA,BHB,JMSB,NPB,CZNC,NIC,MCHB,SFNC,INBK,HBT,NRIM,HWC,BCH,FCF,MTB,CBU,MBWM,BBT,CBFV,BPRN,ORRF,MPB,FCCO,PFBC,LOB,EQBK,GBCI,FMNB,PROV,NECB,WASH,VABK,ONB,CFR,RBCAA,BCML,ESQ,FDSB,FBIZ,PRK,EFSI,WSBC,PBFS,OPBK,FGBIP,SPFI,GABC,OCFC,IFS,FGBI,UNTY,CFFI,FMAO,BFST,UCB,CVBF,ECBK,FUNC,BYFC,FRME,MVBF,BHRB,SBFG,TCBIO,SBCF,EFSC,MBNKO,BMRC,CASH,MNSBP,CZFS,HWBK,BWB,FDBC,BANR,CPBI,MSBIP,IBOC,CNOBP,COFS,HNVR,MGYR,LCNB,OZK,MBINN,PNFP,VLYPN,MBINL,GCBC,NSTS,TOWN,NBBK,WTFCN,LKFN,NEWTP,MBINM,FBK,NBTB,USCB,BRBS,AX,BWBBP,SFBS,IBCP,WSBCO,HIFS,FNWB,SSB,HBAN,VLYPP,PB,BSVN,CCNEP,CBNK,WAFDP,NWG,HBANL,UMBFO,SYBT,BSBK,FSBW,VLYPO,FITBI,CHCO,EFSCP,FRMEP,FCNCA,ONBPO,FCNCP,TCBS,BSBR,LARK,FULTP,ONBPP,WAL,TCBX,AUBN,BUSEP,PBHC,FFIN,HBANM,OZKAP,FCNCO,FITBP,UNB,BANF,HBANP,RVSB,FNWD,FSUN,FITBO,NU,CBSH,FRBA,HOMB,INTR,TBBK,FSEA,DB,ZIONP,SFBC,FINW,GBFH,IBN,BMA,CCB,BBAR,GGAL,HDB,BAFN,PNBK,SUPV,SHFS"
46,REIT - Retail,Real Estate,101.0,68,66,51,36,"WHLRP,CBL,WSR,MAC,PINE,FRT,KRG,GTY,SPG,CURB,SKT,BRX,UE,PECO,IVT,KIM,NTST,AKR,BFS,REG,O,ALX,NNN,ADC,EPRT,FCPT,REGCP,REGCO,WHLRD,SITC,WHLR"
47,Scientific & Technical Instruments,Technology,100.33,67,55,33,50,"COHR,MKSI,KEYS,ELSE,VPG,ESE,ITRN,CGNX,ST,SOTK,MLAB,GRMN,TDY,FTV,NOVTU,ODYS,LGL,NOVT,GNSS,ACFN,TRMB,VNT,WRAP,ITRI,MIND,ASTC,BMI,SVRE,MVIS,AIMD,ARBE,USBC,SOBR,FCUV"
48,Steel,Basic Materials,100.06,66,53,73,73,"NWPX,STLD,NUE,PKX,MT,GGB,TX,RS,WS,MTUS,FRD,ASTL,LUD,SIM,KBSX,HUDI,CLF,ZKIN,HLP,MSB,SID,INHD"
49,Food Distribution,Consumer Defensive,100.06,66,69,50,48,"ANDE,UNFI,WILC,CHEF,USFD,DIT,AVO,CVGW,SYY,PFGC,HFFG,TWG,MTEX"
50,Healthcare Plans,Healthcare,100.0,65,11,22,30,"CNC,OSCR,UNH,CVS,ALHC,ELV,MOH,HUM,CI,CLOV,PGNY"
51,REIT - Hotel & Motel,Real Estate,99.92,65,41,46,27,"PEB,HST,XHR,DRH,CLDT,APLE,RLJ,RHP,INN,SHO,PK,BHR,SVC,IHT,AHT"
52,Medical Care Facilities,Healthcare,99.91,64,62,48,74,"MCTA,PACS,INNV,CMPS,EHAB,ACHC,NHC,BKD,MD,GRDN,ASTH,SNDA,LFST,HCSG,TOI,SRTA,DVA,PNTG,ENSG,NUTX,SEM,AVAH,CON,AGL,AMN,THC,HCA,EHC,PIII,AIRS,CYH,ARDT,FMS,USPH,ADUS,CHE,CCRN,AUNA,JYNT,UHS,CCEL,CCM,BTMD,SGRY,AMS,OPCH,DCGO,BMGL,WW,NIVF"
53,Apparel Retail,Consumer Cyclical,99.68,63,55,76,45,"TLYS,VSCO,LVLU,DLTH,CTRN,ROST,ZUMZ,GCO,BKE,BIRD,BURL,TJX,AEO,CRI,BOOT,GAP,CAL,URBN,CURV,AKA,SCVL,ANF,RENT,CATO,SFIX,LE,BRIA,JILL,LULU,DXLG,JEM,DBGI"
54,Auto Parts,Consumer Cyclical,99.62,62,56,68,82,"CVGI,MOD,DAN,GTX,MKDW,PLOW,SYPR,PRTS,BWA,MGA,PHIN,ALSN,LEA,AAP,SLDP,XPEL,STRT,CPS,MLR,VC,ATMU,MNRO,HYLN,ADNT,SMP,HLLY,SRI,HSAI,ALV,CAAS,DCH,ORLY,QS,GNTX,THRM,AZO,MPAA,DORM,LKQ,WPRT,APTV,FOXF,GPC,INEO,GT,MBLY,MVST,SES,REE,INVZ,ECX,GTEC,WKSP,FRSX"
55,Utilities - Diversified,Utilities,99.29,62,78,67,67,"CIG,SRE,AES,BIP,AQN,AVA,UTL"
56,Footwear & Accessories,Consumer Cyclical,98.71,61,46,45,12,"FOSL,DBI,VRA,RCKY,SHOO,CROX,WEYS,DECK,WWW,BIRK,ONON,NKE,FWDI,FMFC,AREB"
57,Thermal Coal,Energy,98.7,60,86,83,81,"BTU,NC,NRP,CNR,ARLP,HNRG"
58,REIT - Specialty,Real Estate,98.51,60,64,32,18,"OUT,UNIT,IRM,EQIX,DLR,LAMR,SELF,LANDO,EPR,GLPI,SBAC,LANDP,FPI,LAND,CCI,AMT,WY,RYN,PW,FRMI"
59,Drug Manufacturers - Specialty & Generic,Healthcare,98.29,59,68,95,94,"AKAN,RGC,IRWD,BIOA,ETON,PAHC,AMLX,INDV,ASRT,ESPR,LQDA,TEVA,KNSA,UTHR,ANIK,VTRS,TLPH,TXMD,ELAN,SCYX,AMRX,CRDL,BCRX,AYTU,LNTH,BFRI,CRON,HROW,CPIX,KMDA,SUPN,PCRX,TAK,ALKS,EBS,ANIP,AQST,NBIX,OGI,RDY,CGC,BHC,TKNO,COLL,HLN,YCBD,TLRY,HCM,AMPH,ZTS,RMTI,RDHL,EVO,PBH,ACB,EOLS,HIMS,SIGA,CTOR,SBFM,UPC,INCR,BTAI,AKBA,LFCR,DERM,PRGO,IXHL,ORGO,GELS,ZYBT,ALVO,INM,CPHI,PRFX,SNOA,SHPH,IMCC,SXTC,APUS,BGM"
60,Utilities - Regulated Electric,Utilities,98.13,58,74,53,62,"ELPC,ETR,NEE,EIX,HE,NWE,AEP,ENIC,IDA,LNT,NGG,PNW,EVRG,FTS,AEE,CNP,XEL,POR,EMA,DTE,OGE,D,ES,WEC,PCG,DUK,SO,VIASP,ED,KEP,CMS,FE,TXNM,PPL,EXC,CEPU,SOMN,PEG,MGEE,GNE,NKLR,EDN,IMSR"
61,Department Stores,Consumer Cyclical,97.73,58,58,88,86,"M,KSS,DDS,PLBL"
62,Insurance - Life,Financial Services,97.37,57,52,55,55,"ABX,JXN,MFC,BHF,GL,CNO,AAME,SNFCA,PUK,GNW,CIA,UNM,AFL,PRI,MET,BHFAO,LNC,BHFAM,BHFAP,BHFAN,PRU,FG"
63,Coking Coal,Basic Materials,97.15,56,89,92,98,"HCC,AREC,AMR,SXC,METCB,METC"
64,Specialty Industrial Machinery,Industrials,96.41,55,54,65,67,"CVV,THR,GEV,GHM,GRC,GNRC,HUHU,AMSC,CMI,HLIO,RRX,PKOH,TWIN,NPO,SYM,SHMD,PSIX,ITT,JCSE,SXI,NDSN,DOV,ETN,IEX,LXFR,ROK,ATS,AME,FLS,PH,BWEN,WTS,TAYD,GTLS,CSW,TNC,GTES,DCI,FELE,MWA,KRNT,ZJK,EMR,ITW,HURC,MIDD,SERV,OFLX,IR,GGG,CR,KAI,RR,MIR,OTIS,EPAC,AOS,JBTM,CXT,XYL,NPWR,XCH,PNR,NNE,OPTT,SPPL,SMR,CETY,WFF,LASE,INLF,BURU,LBGJ"
65,Insurance - Reinsurance,Financial Services,96.11,55,62,29,34,"HG,GLRE,SPNT,RNR,RGA,EG,OXBR,KG"
66,Discount Stores,Consumer Defensive,95.93,54,74,79,46,"PSMT,TGT,WMT,TBBB,COST,DG,BJ,DLTR,OLLI"
67,Medical Distribution,Healthcare,95.74,53,81,80,88,"EMPG,EDAP,AHG,CAH,HSIC,MCK,ACH,COR,YI,COSM,SNYR"
68,Specialty Business Services,Industrials,95.45,53,58,88,78,"BUUU,RHLD,BKSY,KODK,TH,SPIR,CMPR,QUAD,UNF,LICN,AZZ,ULS,RTO,ARMK,CASS,NTIP,DLHC,WFCF,TISI,PC,TRNS,RBA,AMTM,GPN,FA,ABM,TIC,CTAS,DLB,RELX,BV,SST,MMS,LZ,SFHG,CPRT,SGRP,TRI,CBZ,PMEC,ANPA,YSXT,CRE,THH,PMAX,SMX"
69,Credit Services,Financial Services,95.33,52,20,34,46,"TROO,ECPG,EZPW,PRAA,ATLC,FCFS,BFH,ENVA,SEZL,GDOT,WRLD,ALLY,NNI,SYF,CPSS,JCAP,JF,AFRM,WU,AGM,CACC,ATLCP,PMTS,OPRT,SLMBP,OMF,RM,LPRO,AXP,V,OPFI,SNTG,COF,MFIN,FOA,MA,FINV,ANTA,PYPL,NAVI,SOFI,SLM,SUIG,HTT,LU,UPST,QFIN,XYF,LX,VRM,YRD,DXF"
70,Gambling,Consumer Cyclical,94.89,51,18,15,11,"ROLR,RSI,SGHC,CDRO,ACEL,CHDN,BRSL,INSE,BRAG,DKNG,GAMB,FLUT,SEGG"
71,"Furnishings, Fixtures & Appliances",Consumer Cyclical,94.83,51,35,66,39,"XWIN,LCUT,FGI,EFOI,FLXS,HBB,HOFT,SN,ATER,LEG,TILE,ALH,LOVE,CRWS,LZB,SGI,BSET,KEQU,NTZ,MLKN,MHK,ETD,HNI,VIRC,WHR,MBC,AMWD,PRPL,COOK,MWYN,VIOT,NCL,SNBR"
72,Railroads,Industrials,94.41,50,44,36,33,"TRN,CSX,WAB,UNP,FSTR,CNI,NSC,CP,GBX,RAIL,SWVL,RVSN"
73,Insurance - Diversified,Financial Services,94.07,49,48,50,51,"FIHL,SLF,AEG,IGIC,HIG,BNT,AIG,ACGL,WDH,ACGLN,ACGLO,XZO"
74,Industrial Distribution,Industrials,94.05,48,46,58,43,"WCC,DXPE,REZI,XMTR,MSM,TITN,FERG,AIT,GIC,GWW,QXO,WSO,FAST,DSGR,SITE,CNM,DNOW,EVI,BXC,POOL,TLIH,WXM"
75,Beverages - Non-Alcoholic,Consumer Defensive,93.9,48,58,39,41,"COCO,COKE,STKL,MNST,KO,PEP,KOF,CCEP,KDP,REED,FIZZ,PRMB,BRFH,CELH,ZVIA"
76,REIT - Mortgage,Real Estate,93.73,47,44,44,42,"ADAM,TWO,ACRE,MFA,CIM,AGNC,ARR,IVR,NLY,ARI,BRSP,ADAMN,DX,NREF,ADAML,CHMI,MITT,RWT,ACR,EFC,PMT,AOMR,ADAMM,ORC,TRTX,SACH,AGNCN,AGNCM,AGNCO,BXMT,STWD,AGNCL,AGNCP,AGNCZ,ADAMZ,LADR,REFI,RPT,CMTG,FBRT,LOAN,RITM,SEVN,ABR,SUNS,KREF,LFT,RC,GPMT"
77,Asset Management,Financial Services,93.07,46,49,47,54,"TWN,CYPH,MAAS,KF,INV,SSSS,SII,AAMI,ASA,HASI,AEF,STK,RMT,RMCO,STT,WT,BSTZ,EMF,NTRS,BEN,FGNXP,DBRG,SRV,BGR,GNT,PEO,GAIN,FUND,BTX,NML,BCX,IVZ,AMG,HQL,TYG,NXG,CEE,IHD,PFG,RVT,JHG,CII,CAF,UTG,VCTR,DPG,CCD,CHI,ASGI,BCV,ECF,NCZ,NCV,HQH,KYN,AOD,GGZ,CHY,EOD,TRIN,NFJ,CHW,QQQX,MXF,GAM,CSWC,EMO,GCV,MEGI,IAE,BST,ACV,HERZ,GLQ,BCAT,IDE,AIO,ADX,RQI,MXE,CGO,AGD,GGN,JOF,DXYZ,SATA,GDV,RGT,NMAI,BPYPM,NMT,FHI,TEI,MGLD,HEQ,TBLD,NIE,NBXG,BUI,ERH,EDF,DNP,GLU,THW,EMD,EVT,ETO,GUT,HTD,CSQ,CET,NRK,PGP,VPV,PDX,GLO,ETW,GGT,EDD,UTF,GSBD,FFA,BBDC,GLV,HFRO,FOF,JRS,SLRC,KBDC,BTO,ETG,JCE,EXG,RLTY,CXH,MFIC,ETB,AWP,CMU,NCDL,NAZ,IGD,BHV,WHF,ETV,BCSF,ECCC,FT,THQ,AVK,GUG,RMI,BOE,MUJ,RIV,LGI,BDJ,NAC,PSEC,MCN,NMS,SEIC,VTN,MIY,NZF,TY,NCA,VGM,NPCT,SAR,TDF,NMCO,GBDC,IGR,NPV,HPS,AFB,OXLCN,OXSQ,SCD,NVG,OCSL,NAN,CLM,OIA,BME,CEV,WDI,PDT,TROW,OXLCO,OXLCP,RCG,RMMZ,ECAT,VMO,JRI,RFI,DSM,RFM,EIIA,RA,CRF,NEA,PGZ,MYN,KTF,RFMZ,DFP,NNY,HPI,VKQ,BENF,NUV,RMM,SOR,SPE,RSF,SPXX,SPMA,JPC,LEO,PNI,PDPA,NPFD,ACP,BN,IQI,SABA,JGH,VKI,PFD,HPF,FINS,IGA,DMB,MHD,BTT,NRO,OCCIM,NKX,PMM,FCT,AMTD,MPA,EICA,FMN,MUC,GDL,MFM,OCCIN,RNP,GROW,ASG,FDUS,CXE,CCID,EIM,EOT,ERC,MMT,PHK,BGY,FLC,NAD,IIM,VGI,SPME,DMO,ETY,OPP,FFC,FPF,ETX,DSU,WIW,HIX,VFL,MSIF,LDP,STEW,VINP,NBH,PDO,NBB,EOS,CCAP,VCV,NXP,JLS,MSD,PTA,NDMO,PMO,MMU,MYI,PFN,GRF,PCQ,GDO,FAX,BBN,CNS,PSF,GAB,EEA,SDHY,JHI,BWG,PFL,SBI,DTF,PFO,HIO,NMI,WIA,PDI,EOI,IAF,MUA,TPVG,EVG,EAD,MQY,MHF,NIM,PIM,PFLT,MMD,GF,EHI,NMZ,BTZ,CIF,WEA,NUW,BMN,ETJ,FTF,BGH,AB,FMY,DSL,PPT,BLK,BRW,KIO,PML,VLT,MCR,DHF,EVN,PCM,FTHY,IGI,JFR,DLY,OBDC,BMEZ,VBF,HYI,EVV,HGLB,BANX,ARCC,GRX,MIN,PCN,NTRSO,BSL,RJF,PAI,DBL,BIT,NMFC,JHS,CGBD,PAXS,PCF,GBAB,MGF,USA,BHK,EARN,BKT,BGT,BGB,ISD,AWF,GHY,APO,JQC,MSDL,MAIN,ARDC,HYT,BLW,BXSL,EFT,HNNA,VVR,TSI,FRA,NOAH,JMM,BGX,AFCG,MPV,EFR,LIEN,PAX,PTY,GEG,CPZ,EVF,PSBD,GCMG,HTGC,WHG,AMP,TSLX,CIK,CG,NHS,GOF,CION,GLAD,APAM,ASST,BAM,BCG,DHY,DMA,PFX,SAMG,ALTI,RCS,CRBG,WTF,EQH,IIF,BX,EIC,MCI,STEP,KKR,FSCO,OTF,IFN,OXLC,VRTS,EQS,RAND,PNNT,SCM,TWAV,XFLT,TPG,TCPC,ECC,FSK,ARES,RWAY,MLCI,FCO,CCIF,GECC,SPMC,RPC,PDCC,BCIC,OCCI,OFS,HLNE,ICMB,HRZN,OWL,DFDV,CFND,CWD,TGE,BUR,HSDT,ZSTK,AVX,SDEV,BNKK,FGNX,OIO,BNBX,ALP"
78,Electronics & Computer Distribution,Technology,92.92,46,34,37,14,"SNX,ARW,AVT,CNXN,SCSC,NSIT,CLMB,IZM"
79,Leisure,Consumer Cyclical,92.9,45,47,37,41,"AGH,TRON,CALY,MSGE,JOUT,KMRK,ESCA,JAKK,HAS,OSW,PLBY,FNKO,GOLF,YETI,AOUT,AS,LTH,LUCK,PRKS,PTON,FUN,MAT,CLAR,XPOF,NWTG,HWH,PLNT,MMA,HERE,NOMA,GDHG,DOGZ,TRUG"
80,Beverages - Brewers,Consumer Defensive,92.45,44,65,67,26,"FMX,BUD,ABEV,STZ,SAM,TAP,CCU"
81,Shell Companies,Financial Services,92.28,44,53,41,48,"AFJKU,AFJK,WLACU,WLAC,RDACU,VACH,VACHU,RAAQU,APADU,ALCYU,ASPCU,QETAU,WTGUU,CGCTU,NOEMU,ATIIU,ASPC,LOKVU,BKHA,POLEU,EGHAU,APAD,QSEAU,RAAQ,ANSCU,DTSQ,YHNAU,BAYA,FACTU,FGMCU,UYSC,EURK,CAPN,KVAC,UYSCU,RIBB,FVN,CHAR,IBAC,TACOU,FSHPU,APACU,YHNA,FSHP,BSAAU,SVACU,DTSQU,BAYAU,TVAIU,LEGT,KFIIU,NMPAU,BACCU,ATII,ANSC,BLUWU,ALISU,SIMAU,DMAA,TAVI,MACI,SDHIU,BKHAU,COLA,ALCY,RFAI,CHARU,HVMCU,QSEA,CUB,LPAA,FGMC,CGCT,TDAC,IPOD,MBAV,ALF,KFII,PGAC,QUMSU,JACS,PLMK,LCCC,BSAA,NTWO,QETA,SIMA,TLNC,NMP,GPATU,GTERA,SOUL,IPEX,BACC,SSEA,RANG,SPKL,COPL,NOEM,SVCC,TVAI,SPEG,GPAT,INACU,PACHU,WTG,LPBB,XRPN,ALDF,MKLY,SBXD,POLE,RANGU,TLNCU,KCHV,GIG,BCAR,CHPG,GRAF,FIGX,FERA,MKLYU,SDHI,AXINU,IPODU,PGACU,TAVIU,AACB,BCARU,GTERU,FVNNU,GSHR,LOKV,OYSE,GTENU,SZZL,CUBWU,PACH,QUMS,SOCA,VNMEU,TACH,BLUW,INAC,ORIQ,SOCAU,RFAIU,CEPT,KCHVU,LWAC,RDAC,DRDB,LKSP,RAC,OBA,EMIS,SPEGU,CRAQ,NTWOU,SVCCU,KOYN,AXIN,YCY,LCCCU,HVII,HVMC,PMTRU,LKSPU,TACHU,VNME,DMAAU,EVAC,HAVAU,EURKU,IPCX,OBAWU,TVA,CHPGU,RNGTU,PAII,SSEAU,SPKLU,KOYNU,LPBBU,GSHRU,OTGAU,FIGXU,TACO,EGHA,GIW,SZZLU,MMTXU,OYSEU,ALFUU,LWACU,MACIU,TDACU,CHECU,ORIQU,GIGGU,CRAQU,GSRF,KVACU,RIBBU,LPAAU,FERAU,JENA,OTGA,GIWWU,AACBU,DMIIU,NPAC,OACC,BLZRU,CCIX,CCIIU,HCMAU,OACCU,ALDFU,GTEN,MBVIU,WENN,APXTU,CCII,MBVI,NPACU,PMTR,CAEP,DAAQ,DNMXU,HCMA,RDAGU,LATAU,LAFAU,DYORU,SVAC,CAPNU,GSRFU,ONCH,BEAG,BLZR,HVIIU,IPEXU,DAAQU,AEXA,IPCXU,CCIXU,BDCIU,CEPF,CEPV,RDAG,WENNU,PCAP,BDCI,PLMKU,DRDBU,ONCHU,MCGAU,BEAGU,XRPNU,CEPO,PCAPU,TVACU,MCGA,COLAU,PCSC,MBAVU,RTAC,RTACU,HSPTU,HSPT,UCFI,XXI"
82,Resorts & Casinos,Consumer Cyclical,92.27,43,37,25,37,"MCRI,CZR,VAC,MGM,PENN,LVS,HGV,BYD,WYNN,BALY,RRR,CPHC,MTN,FLL,CNTY,MLCO,MSC"
83,Integrated Freight & Logistics,Industrials,91.87,42,31,24,9,"NCEW,GVH,PBI,FDX,PSIG,JBHT,RLGT,LSTR,CYRX,CHRW,ZTO,GXO,UPS,EXPD,JYD,HUBG,SFWL,FLX,PAL,FWRD,HXHX,ATXG,CRGO,SGLY,LSH,ELOG,BTOC,CJMB,CIIT,SLGB,CTNT"
84,Diagnostics & Research,Healthcare,91.81,41,65,81,85,"XWEL,BNR,PRPO,PRE,TWST,MBAI,CDNA,ILMN,BDSX,GH,FONR,NTRA,NEO,NDRA,DGX,SHC,CSTL,VCYT,MTD,LH,GRAL,IDXX,IMDX,CRL,BIAF,A,TMO,MEDP,RVTY,RDNT,WAT,PSNL,MYGN,OPK,DHR,IQV,BLLN,MDXH,QGEN,WGS,ICLR,FLGT,ADVB,XGN,NOTV,QUCY,ISPC"
85,Insurance - Property & Casualty,Financial Services,91.8,41,43,42,68,"UVE,MCY,UFCS,HRTG,DGICB,LMND,PRCH,L,WTM,CB,TRV,THG,ALL,ACIC,AIZ,CNA,ORI,HMN,CINF,AFG,AII,SLDE,SAFT,KINS,STC,PRA,SIGI,SIGIP,ASIC,NODK,HIPO,HCI,WRB,GBLI,PLMR,SKWD,HGTY,PGR,MKL,DGICA,PRHI,BOW,RLI,KNSL,KMPR,TRUP,ROOT"
86,Building Products & Equipment,Industrials,91.75,40,27,32,24,"JLHL,UUU,PPIH,INVE,JCI,GFF,NX,TT,SPXC,WMS,MAS,ARLO,CARR,CSL,AAON,LMB,LII,APT,OC,APOG,AWI,ILAG,SWIM,ASPN,LPX,TREX,AIRJ,FBIN,ROCK,CSTE,JBI,BLDR,JELD,AEHL"
87,REIT - Residential,Real Estate,91.69,39,37,27,23,"VRE,CSR,MRP,EQR,BHM,ESS,SUI,UMH,ELS,AVB,INVH,BRT,CLPR,CPT,UDR,AIV,IRT,AMH,MAA,NXRT,ELME"
88,Utilities - Regulated Water,Utilities,91.63,39,67,44,58,"SBS,HTO,CDZIP,CDZI,PCYO,CWCO,AWR,WTRG,AWK,ARTNA,MSEX,CWT,YORW,GWRS"
89,Drug Manufacturers - General,Healthcare,91.36,38,51,62,59,"OGN,BIIB,MRK,JNJ,BMY,GSK,NVS,SCLX,AZN,LLY,GILD,PFE,AMGN,ABBV,AMRN,SNY,GRFS,NVO,MIRA,NSRX,MDCX"
90,Utilities - Renewable,Utilities,91.35,37,32,99,99,"ENLT,NRGV,AXIA,ELLO,CWEN,BEP,FLNC,ORA,XIFR,SAFX,WAVE,BEPC,RNW,STEM,VGAS,HTOO,SUUN,CREG,BESS,NXXT,AGIG,BNRG"
91,REIT - Diversified,Real Estate,91.03,37,30,21,17,"NXDT,FVR,GNL,CTO,BNL,AAT,WPC,GOOD,OLP,SAFE,GOODN,VICI,AHRT,SQFTP,SQFT,ESRT,MKZR,GIPR"
92,Business Equipment & Supplies,Industrials,89.29,36,20,10,1,"ACTG,EBF,ACCO,XRX,EHGO"
93,Farm & Heavy Construction Machinery,Industrials,88.98,35,45,43,10,"CAT,ASTE,BLBD,TEX,OSK,MTW,DE,PCAR,HY,AGCO,GENC,UGRO,ARTW,AEBI,TWI,CNH,ALG,CMCO,HCAI,LNN,WNC,XOS,GP,HYFM,BNC,SCAG"
94,Entertainment,Communication Services,88.75,34,28,14,31,"SPHR,STRZ,WBD,AENT,MSGS,ROKU,RSVR,SIRI,IMAX,AMCX,BATRK,BATRA,AGAE,MCS,LLYVA,ANGH,LLYVK,MANU,LYV,CNK,FOXA,TKO,FOX,HUYA,DIS,LVO,NWS,FWONA,NWSA,CNVS,FWONK,WMG,NFLX,TOON,PSKY,RDI,RDIB,GAIA,AMC,LFS,IQ,PLAY,MPU,CPOP,ANGX,NIPG,FTRK,KWM,SLMT,KUST,ZNB"
95,Farm Products,Consumer Defensive,88.7,34,60,35,53,"VFF,AGRO,PFAI,BG,ADM,ALCO,AFRI,FDP,TSN,AQB,CHSCM,CHSCL,CHSCN,DOLE,CHSCO,CHSCP,LND,LMNR,CALM,LOCL,VITL,AGRZ,SDOT,EDBL"
96,Travel Services,Consumer Cyclical,88.48,33,40,64,65,"NUTR,LIND,VIK,PRSU,EXPE,ABNB,TNL,CUK,CCL,NTRP,TOUR,RCL,YTRA,GBTG,NCLH,TCOM,BKNG,TRIP,MMYT,AHMA"
97,Internet Content & Information,Communication Services,87.55,32,18,23,62,"SOGP,NBIS,BODI,GOOGL,GOOG,PODC,ONFO,DIBS,OPRA,IAC,IZEA,TZOO,MTCH,SJ,LCFY,WBTN,PERI,MNY,JOYY,ZDGE,BIDU,RUM,TBLA,RDDT,NRDS,GIFT,MOMO,CMCM,CARS,BMBL,YELP,NXDR,ZIP,WB,META,SSTK,MAX,FENG,BILI,SNAP,CCG,GRPN,TRVG,TEAD,ZH,SPOT,ATHM,PINS,BZ,DOYU,ZG,UPWK,GITS,Z,EVER,DJT,BZFD,FVRR,ANGI,SEAT,JFIN,TME,AREN,GETY,GIBO,UPXI,STUB,NAMI,GENI,CHAI,SLE"
98,Airlines,Industrials,86.69,32,41,84,60,"SNCY,DAL,ALGT,VLRS,LUV,JBLU,RJET,UAL,CPA,LTM,ULCC,AAL,RYAAY,SKYW,ALK,FLYX,AERO,SRFM"
99,Building Materials,Basic Materials,86.67,31,39,38,22,"CPAC,CX,KNF,TTAM,CRH,VMC,AMRZ,MLM,SMID,USLM,EXP,LOMA,JHX,TGLS,CAPS,RETO"
100,Residential Construction,Consumer Cyclical,86.63,30,39,55,16,"TPH,IBP,TOL,CVCO,SKY,MHO,DHI,PHM,GRBK,TMHC,LGIH,HOV,LEGH,MTH,BZH,KBH,NVR,LEN,DFH,SPHL,UHG"
101,Electronic Gaming & Multimedia,Communication Services,85.98,30,6,6,32,"SKLZ,MSGM,CTW,GDC,DDI,EA,TBH,GDEV,SOHU,GRVY,GXAI,NTES,PLTK,GAME,TTWO,GIGM,MRDN,GMHS,SNAL,RBLX,MYPS,DKI,GCL"
102,Consulting Services,Industrials,85.53,29,33,15,86,"ROMA,EFTY,GRNQ,EGG,LAWR,FCN,AERT,INTJ,RGP,CRAI,HURN,ZTG,SBC,BAH,ICFI,RYOJ,EFX,VRSK,FORR,ACCL,FOFO,DGNX,VCIG"
103,Software - Infrastructure,Technology,85.15,28,23,8,71,"BNAI,BAND,NUAI,DOCN,MOVE,RXT,GCT,PAYS,TWLO,ATEN,NYAX,RELY,CRWV,BB,CORZ,NN,AEVA,NTCT,LIDR,TAOX,IMXI,AKAM,CCSI,NET,FLYW,TDC,VIVO,DLO,FFIV,CSGS,ZETA,NTAP,KSPI,RAMP,TLS,XNET,EVCM,XYZ,TUYA,CTLP,RDWR,AGPU,VRSN,CGNT,LSAK,FIVN,PAGS,GRRR,SABR,CPAY,WEX,SNPS,FATN,PSFE,CRWD,RPAY,PANW,MQ,MDB,DVLT,PLTR,FTNT,ACIW,PAY,KDK,RZLV,ORCL,IOT,EVTC,BLSH,ALLT,IIIV,DBX,S,EEFT,MSFT,KPLT,PDYN,VHC,OSPN,STNE,BLIN,BLZE,BOX,CALX,PATH,ORIO,CLBT,TCX,RBRK,SANG,CINT,TOST,PRTH,OKTA,TENB,PAYO,APPN,NTNX,DOX,AMBR,USIO,ALAR,RVYL,GEN,ZENA,PGY,VRNS,REKR,AVPT,WIX,VERI,BKKT,AIOT,OLB,GDDY,QLYS,SAIL,AIXC,BTQ,AISP,FOUR,PRGS,YEXT,DTSS,ARQQ,AI,INTZ,ATGL,CHKP,GTLB,ZS,NTSK,OWLS,MLGO,SONM,UBXG,TAOP,CSAI,TGHL,GGRP,WETO,CISO,DAVA,KLAR,SUPX,AUID,EXOD,HPAI,RPD,CETX,XBP,CHOW,YYAI,MSAI,ARAI,LHSW,HUBC"
104,Mortgage Finance,Financial Services,85.08,27,23,41,79,"BETR,ONIT,VEL,PAPL,IOR,PFSI,RKT,LDI,BLNE,UWMC,WD,GHI,CNF"
105,Confectioners,Consumer Defensive,84.97,27,69,57,13,"RMCF,TR,MDLZ,HSY,SOWG"
106,Capital Markets,Financial Services,84.94,26,8,20,81,"WULF,HUT,IREN,SLNH,COHN,SNEX,SLNHP,RIOT,OPY,GOLD,MRX,AXG,IBKR,MIAX,MS,VIRT,GS,BGC,CRCL,BMNR,ATCH,FUTU,EVR,NMR,CLSK,XP,ZBAI,SF,PLUT,PIPR,GLXY,PWP,MC,HIVE,BMHL,SBET,ETOR,TW,MDBH,SCHW,SRL,LAZ,MARA,PJT,MEGL,GSIW,FIGR,GREE,JEF,HOOD,LPLA,HLI,BRBI,BTCS,MKTX,HGBL,CD,TIGR,DOMH,FUFU,TOP,NCTY,BTBT,BTM,AURE,ABTC,SOS,DEFT,SIEB,WAI,FLD,CNCK,BRR,MATH,STKE,STEX,ANY,ARBK,LMFA,GEMI,ABTS,GRAN,NCPL,NAKA,CANG,LGHL,IPST"
107,Insurance - Specialty,Financial Services,84.85,25,32,39,44,"ACT,FAF,JRVR,RDN,AXS,ESNT,MTG,NMIH,EIG,ITIC,MBI,AGO,FNF,TIPT,AMSF,OSG,RYAN"
108,Security & Protection Services,Industrials,84.49,25,36,30,39,"MG,NSSC,EVLV,SPCB,BRC,CXW,CIX,BAER,NL,BCO,MSA,GEO,ADT,ALLE,VRME,GFAI,BKYI,KSCP,SUGP,SNT,YOOV,IVDA"
109,Grocery Stores,Consumer Defensive,84.47,24,29,12,5,"IMKTA,VLGEA,DNUT,DDL,KR,WMK,ACI,SFM,NGVC,GO,MSS"
110,REIT - Office,Real Estate,84.39,23,10,17,20,"PSTL,PKST,ONL,NLOP,DEA,CDP,PDM,CUZ,KRC,BDN,HIW,BXP,DEI,SLG,VNO,JBGS,ESBA,OGCP,FISK,HPP,ARE,FSP,CMCT"
111,Agricultural Inputs,Basic Materials,84.38,23,48,18,6,"UAN,CF,IPI,NTR,CTVA,SMG,SEED,ICL,MOS,FMC,AVD,BIOX,NXTS"
112,Packaging & Containers,Consumer Cyclical,84.36,22,38,56,51,"MYE,PACK,TRS,KRT,SON,BALL,GEF,PKG,AMBP,MGIH,CCK,SW,AVY,REYN,SLGN,AMCR,IP,OI,YHGJ,GPK,DSS,ORBS"
113,Restaurants,Consumer Cyclical,84.2,21,19,11,8,"NDLS,MB,BTBD,CAVA,LOCO,REBN,SBUX,QSR,ARCO,HCHL,CAKE,YUM,BDL,DIN,EAT,YUMC,BJRI,SHAK,NATH,DRI,BROS,PTLO,RAVE,PZZA,MCD,GTIM,RRGB,PETZ,TXRH,BH,ARKR,THCH,RICK,SG,BLMN,KRUS,CBRL,CNNE,CMG,DPZ,FWRG,WEN,HDL,STKS,CHA,JACK,WING,VSTD,BRCB,GENK,VENU,CCHH,CHSN"
114,Consumer Electronics,Technology,84.02,20,13,11,74,"ZEPP,GPRO,FEBO,VUZI,SONO,AAPL,LPL,MSN,AXIL,UEIC,FOXX,KOSS,TBCH,SONY,RIME,BOXL,WLDS,WTO,GMEX"
115,Medical Instruments & Supplies,Healthcare,83.78,20,22,19,20,"EKSO,NNNN,STAA,AVR,PLSE,HBIO,LMAT,NVST,WST,UTMD,ALGN,PDEX,BLCO,ANGO,TFX,WRBY,BDX,KRMD,OSUR,MBOT,DXR,KMTS,SOLV,POCI,XRAY,BLFS,ISRG,ATR,NEPH,STVN,ALC,MLSS,ICUI,ATRC,STXS,RVP,RGEN,EMBC,COO,RMD,BAX,SMTI,AZTA,MMSI,LUCY,AVTR,STSS,BNGO,ZTEK,FEMY,NYXH,ZJYL,CUPR,NXGL,GCTK"
116,Real Estate Services,Real Estate,81.51,19,27,26,66,"OPEN,KW,CHCI,RMAX,RMR,HBNB,IHS,STHO,BPYPP,BPYPN,BPYPO,JLL,SEG,NMRK,CWK,MAYS,GBR,ASPS,MMI,ARL,MDRR,MLP,BEKE,CBRE,RFL,IRS,NEN,FTHM,GYRO,DOUG,TCI,DUO,FRPH,SRG,COMP,FSV,OMH,NYC,CIGI,EXPI,REAX,OPAD,CSGP,UK,LHAI,EUDA,ALBT,AIRE,LRHC"
117,Health Information Services,Healthcare,81.24,18,9,4,64,"BTSG,BTSGU,TXG,TALK,SY,ONMD,CCLDO,SOPH,CCLD,TBRG,NRC,OMCL,HNGE,AMWL,PRVA,LFMDP,FORA,LFMD,TDOC,HTFL,HQY,TEM,SLP,OMDA,HSTM,GDRX,WEAV,CTEV,BFRG,ACON,SPOK,VEEV,EVH,CARL,SDGR,WAY,CERT,BEAT,DRIO,OPRX,PHR,MNDR,DOCS,HCAT,ZCMD,MGRX,DH,VSEE,HCTI"
118,Waste Management,Industrials,80.97,18,50,40,23,"NVRI,LNZA,CLH,ABAT,MEG,WM,PESI,RSG,AWX,WCN,YDDL,AQMS,CWST,GFL,ENGS,CDTG,QRHC,GWAV,DXST"
119,Software - Application,Technology,80.6,17,4,2,30,"MTC,RYDE,FSLY,SVCO,PDC,ADEA,CURR,YOU,IDN,AIXI,PDFS,RNG,DAVE,RDZN,AIFF,PLTS,MITK,OOMA,CREX,DHX,EGHT,DBD,HIT,NATL,RMSG,SMSI,ZM,NAVN,IBTA,PUBM,PLUS,DJCO,XPER,CWAN,KC,HKD,DUOT,FROG,KARO,SMRT,SCOR,CDNS,STRC,DDOG,STRD,RMNI,MTLS,BZAI,IFBD,STRF,RSKD,MYSE,IDCC,PHUN,DFIN,SHOP,ASUR,IPM,AZ,EGAN,PERF,API,NTWK,GRND,CRNC,UPBD,SOUN,PCOR,DSP,STRK,VTEX,BRZE,U,WRD,IMMR,DMRC,ALRM,LAW,YALA,LYFT,NXPL,RSSS,PTRN,MRT,RDVT,BILL,BTDR,ADSK,CHYM,UBER,RBBN,BMR,NICE,VTSI,IDAI,KLTR,KVYO,OTEX,DT,SSNC,DCBO,WYFI,MFI,LSPD,JG,DSGX,ILLR,MSTR,CVLT,MNDO,VS,YB,MANH,ROP,ADP,AMPL,APPS,BSY,YMM,PAYX,CMRC,GWRE,PTC,FRMM,CRM,APPF,PAYC,NCNO,QTWO,ADBE,SSTI,GRAB,SAGT,NRDY,BULL,ALKT,DOCU,TYL,FRSH,GTM,LIF,YXT,BLIV,INUV,PEGA,CXM,TRAK,PCTY,AGYS,SNOW,MNTN,AEYE,SAP,INLX,WK,INTU,BL,TTAN,FICO,ESTC,EXFY,BLKB,MYSZ,CCC,HUBS,PSQH,WDAY,TONX,ORKT,INTA,NOW,AWRE,TEAM,SRAD,CYN,ATHR,SPSC,ASAN,SPT,PD,NTCL,KNRX,VERX,THRY,DUOL,NVNI,LPSN,BLND,YAAS,HTCR,VIA,LGCL,RCT,SMWB,AMST,DOMO,FIG,TGL,FUSE,MNDY,FTFT,PAR,CXAI,UPLD,ALIT,FRGT,AMOD,WCT,BIYA,AMZE,NXTT,AUUD,BNZI,MASK,JTAI,YMT,RPGL,HKIT"
120,Financial Data & Stock Exchanges,Financial Services,80.01,16,21,7,18,"CBOE,MKTW,CME,NDAQ,MSCI,VALU,MCO,ICE,TRU,COIN,SPGI,FDS,MORN,DTCX,BTOG"
121,Internet Retail,Consumer Cyclical,79.72,15,14,46,83,"NEGG,JWEL,LQDT,JMIA,EBAY,HOUR,RERE,AMZN,ETSY,LITB,RVLV,CART,HEPS,JD,MOGU,W,BZUN,ZKH,YJ,VIPS,BABA,PDD,GLBE,CPNG,MELI,NHTC,DASH,CHWY,TDUP,WBUY,SE,LGCB,OCG,IPW,NEXR,MI,WNW"
122,Real Estate - Development,Real Estate,79.72,15,34,60,69,"AXR,JFB,VTMX,FOR,SKYH,FPH,CCS,LRE,AEI,LPA,OZ,HHH,SDHC,RENX,MRNO"
123,Staffing & Employment Services,Industrials,79.3,14,30,20,2,"BGSF,KFRC,KELYB,HQI,TBI,JOB,KFY,MHH,KELYA,MAN,RHI,BBSI,TNET,NSP,NIXX,ATLN,IPDN,GLXG"
124,Medical Devices,Healthcare,79.08,13,16,16,15,"BFLY,BWAY,AXGN,AVNS,HYPR,CERS,CV,INFU,NEOG,ESTA,NSYS,GKOS,NPCE,VMD,TCMD,AHCO,APYX,BVS,GMED,CBLL,NVCR,MDAI,LIVN,MASI,BDMD,IRMD,PEN,VREX,CATX,PROF,CTKB,TNDM,MASS,INGN,ELMD,AORT,ECOR,DCTH,EW,CVRX,BRKRP,SGHT,PACB,SNN,PHG,NMTC,ITGR,INMD,HAE,RCEL,BRKR,XTNT,TLSI,LUCD,BIO,OFIX,ADGM,ZBH,ENOV,STE,IART,SRTS,TELA,MDT,UFPT,LFWD,KIDS,DXCM,SIBN,TMDX,CLPT,SINT,GEHC,CNMD,IRTC,ELUT,QTI,IRIX,SYK,RXST,COCH,RPID,CTSO,BMRA,ABT,ATEC,TRIB,LAB,TNON,QSI,MYO,STIM,SSII,LUNG,BBNX,PAVM,PRCT,MXCT,SERA,PODD,OWLT,HSCS,INSP,IINN,SENS,QTRX,BSX,NSPR,OM,SNWV,AEMD,AMIX,ITOC,TMCI,NVNO,NNOX,QDEL,ARAY,LNSR,NXL,ICCM,BJDX,VTAK,WOK,VVOS,CODX,VNRX,XAIR,FEED,INBS,MODD,NUWE,IVF,PMI,PFSA"
125,Home Improvement Retail,Consumer Cyclical,79.01,13,25,74,25,"HVT,LOW,HD,LIVE,FND"
126,Lumber & Wood Production,Basic Materials,78.86,12,15,31,6,"SSD,BCC,WFG,UFPI,JCTC,NWGL"
127,Household & Personal Products,Consumer Defensive,78.48,11,6,23,16,"PTNM,EWCZ,SPB,HELE,HNST,CHD,ACU,EPC,CL,NWL,UG,PG,KVUE,IPAR,UL,EL,KMB,GROV,MAGN,NUS,CLX,ELF,COTY,SKIN,SLSN,YSG,WALD,RAY,ODD,TANH,DSY,BYAH"
128,Specialty Retail,Consumer Cyclical,78.08,11,25,54,11,"FIVE,CASY,OLPX,ARKO,MUSA,BWMX,HZO,SBH,ASO,DKS,BNED,EYE,GME,GRWG,CGTL,TLF,ULTA,WOOF,WSM,WINA,BBY,ARHS,FLWS,SPWH,CHPT,MNSO,BBWI,SVV,BBW,EVGO,RH,ONEW,ABLV,JBDI,LESL,TKLF,TSCO,NAAS,HTLM,RECT,BARK,PTLE,ZOOZ,BQ,NPT,NVVE"
129,Tobacco,Consumer Defensive,77.8,10,13,25,63,"RYM,MO,BTI,PM,UVV,RLX,TPB,ISPR,GNLN,XXII"
130,Pollution & Treatment Controls,Industrials,77.68,9,16,13,72,"CECO,ADUR,LIQT,ZWS,FSS,FTEK,CLWT,VLTO,SCWO,PCT,TOMZ,CLIR,ERII,RAIN,PCTTU,ARQ,BCHT,ZONE,DEVS"
131,Auto & Truck Dealerships,Consumer Cyclical,77.59,9,3,18,7,"RDNW,RUSHA,OPLN,RUSHB,SAH,MCW,CARG,CVNA,AN,PAG,VVV,LAD,GPI,DRVN,ABG,KFS,UXIN,KMX,BGSI,CWH,SDA,ACVA,CRMT,JZXN,KXIN,UCAR,AZI"
132,Information Technology Services,Technology,76.55,8,5,13,65,"APLD,CIFR,KEEL,PENG,SAIH,WYY,INGM,TSSI,AUR,JFU,GDS,FORTY,CLPS,CACI,TTGT,VNET,CDW,SAIC,CNDT,JKHY,DTST,TTEC,IBEX,CLVT,III,LDOS,INOD,BBAI,IBM,DXC,UIS,G,GMM,PONY,NABL,TASK,EXLS,CSPI,WIT,FIS,GIB,BR,ARBB,INFY,PSN,VRRM,CTSH,VYX,ACN,JZ,CTM,HCKT,GDYN,VEEA,EPAM,GLE,AIOS,CNXC,IT,GLOB,SLAI,KD,CYCU,DAIC,TDTH,LZMH,JDZG"
133,Advertising Agencies,Communication Services,76.23,7,26,4,9,"EVC,CCO,ZD,TJGC,ADV,FLNT,STGW,APP,OMC,TSQ,DLPN,MCHX,EEX,BAOS,SWAG,NEXN,DV,MGNI,ACCS,TULP,CRTO,QNST,NCMI,VSME,TC,WPP,CDLX,KRKR,SDM,TDIC,WIMI,HAO,TTD,CNET,STFS,YDKG,EDHL,SOPA,CHR,DRCT"
134,Packaged Foods,Consumer Defensive,75.91,6,12,9,28,"DAR,HLF,NATR,CLNN,JVA,MAMA,BOF,BGS,SENEA,SENEB,JBSS,SFD,LWAY,WEST,JBS,CENTA,CENT,FRPT,POST,BRID,BRLS,SJM,INGR,KHC,BRCC,COOT,WYHG,JJSF,HRL,LW,OTLY,USNA,NAII,MKC,BYND,CAG,FAMI,FARM,MZTI,GIS,PPC,HCWC,LSF,LFVN,CPB,FLO,NOMD,UTZ,BHST,FTLF,SMPL,BRBR,SRXH,STKH,HAIN,DDC,RKDA,ATPC,NCRA,ABVE,ORIS,MEHA,PAVS"
135,Education & Training Services,Consumer Defensive,74.77,6,17,5,35,"LINC,APEI,CHGG,UTI,LGCY,LAUR,DAO,FC,PRDO,AACG,GHC,WAFU,COE,FEDU,TAL,EDTK,CVSA,EDU,STRA,LRN,AFYA,LOPE,PXED,UDMY,MH,IH,COUR,RYET,YQ,AMBO,GOTU,SKIL,KLC,EEIQ,STG,MYND,YOUL,GNS,GSUN,LXEH,GV,VSA,KIDZ,FCHL"
136,Beverages - Wineries & Distilleries,Consumer Defensive,74.76,5,2,2,0,"AGCC,WVVIP,SNDL,DEO,YHC,WVVI,MGPI,EPSM,SBEV,IBG"
137,Recreational Vehicles,Consumer Cyclical,73.1,4,7,48,32,"PII,BC,MCFT,LCII,HOG,DOO,MPX,WGO,PATK,MBUU,THO,KNDI,EZGO,MAMO,VMAR,VEEE"
138,Airports & Air Services,Industrials,72.83,4,24,28,58,"PAC,CAAP,OMAB,ASLE,ASR,JOBY,UP,SOAR"
139,Auto Manufacturers,Consumer Cyclical,71.36,3,9,6,27,"CYD,VFS,NIO,GM,RIVN,TSLA,GGR,F,TM,LOBO,NIU,EVTV,RACE,PSNY,LI,LOT,XPEV,SSM,EMPD,HMC,STLA,PSNYW,LVWR,LCID,WKHS,FFAI,CENN,DCX,FLYE,AIIO"
140,Textile Manufacturing,Consumer Cyclical,69.57,2,1,0,0,"AIN,CULP,UFI,PASW"
141,Paper & Paper Products,Basic Materials,69.53,2,4,9,4,"SUZ,SLVM,ITP,CLW,MERC"
142,Personal Services,Consumer Cyclical,64.76,1,2,3,4,"FTDR,RGS,CSV,SCI,MRM,ROL,MED,BFAM,HRB,CLIK,TRNR,EJH,YYGH"
143,Insurance Brokers,Financial Services,62.88,0,0,1,2,"NP,XHG,AON,BWIN,MRSH,ARX,WTW,AJG,CRVL,HUIZ,BRO,TWFG,ERIE,ZBAO,GSHD,EHTH,SLQT,AIFU,EZRA,GOCO"
144,Pharmaceutical Retailers,Healthcare,50.15,0,0,0,25,"HITI,PETS,HKPD,POM,SCNX,WGRX,RDGT"
